Title,Company,Location,Date Posted,Skills
ML Engineer,Fusemachines,"Islamabad, Islāmābād, Pakistan",1 month ago,N/A
AI ML Engineer,Next Generation Innovations (NextGENi),"Karachi Division, Sindh, Pakistan",1 month ago,N/A
AI/ML Engineer,Fastn,"Islamabad, Islāmābād, Pakistan",3 days ago,N/A
Senior AI/ML Engineer,Devsinc,"Lahore, Punjab, Pakistan",1 month ago,N/A
Associate Software Engineer- AI/ML,Devsinc,"Islamabad, Islāmābād, Pakistan",1 month ago,N/A
"Artificial Intelligence / Machine Learning Engineer, [ 3years Experience, Salary Range: 500USD-900USD] - Job Id:24052025",Greeka.com,Pakistan,12 hours ago,N/A
Associate Software Engineer - AI/ML,Devsinc,"Lahore, Punjab, Pakistan",1 month ago,N/A
"AI/ML Engineer (Onsite, Lahore, PKR Salary)",HR POD Careers,"Lahore, Punjab, Pakistan",2 days ago,N/A
Senior AIML Engineer,Devsinc,"Lahore, Punjab, Pakistan",3 days ago,N/A
"ML Engineer (Onsite, Lahore, USD Salary)",HR POD Careers,"Lahore, Punjab, Pakistan",3 weeks ago,N/A
AI/ML Engineer,Burq,"Lahore, Punjab, Pakistan",1 month ago,N/A
Senior Software Engineer - Python/AI/ML,Devsinc,"Lahore, Punjab, Pakistan",1 month ago,N/A
Data Scientist,Nisum,"Islamabad, Islāmābād, Pakistan",2 weeks ago,N/A
Data Scientist,SwipBox,"Islāmābād, Pakistan",5 days ago,N/A
Machine Learning Engineer,Intelligent solutions PK,"Islamabad, Islāmābād, Pakistan",1 day ago,N/A
Senior Software Engineer - AI/ML,Devsinc,"Islamabad, Islāmābād, Pakistan",1 month ago,N/A
Associate Software Engineer- Python,Devsinc,"Islamabad, Islāmābād, Pakistan",1 month ago,N/A
Machine Learning Engineer,Translation Empire PK,"Islamabad, Islāmābād, Pakistan",3 weeks ago,N/A
Deep Learning Engineer,Translation Empire PK,"Islamabad, Islāmābād, Pakistan",3 weeks ago,N/A
AI/ML Engineer,9D Technologies,"Rawalpindi, Punjab, Pakistan",3 weeks ago,N/A
Machine Learning Engineer,Avanceon Middle East & South Asia,"Lahore, Punjab, Pakistan",2 months ago,N/A
Sr. Machine Learning Engineer,Fusemachines,Pakistan,1 month ago,N/A
Senior Software Engineer- AI/ML,Devsinc,"Lahore, Punjab, Pakistan",1 month ago,N/A
Machine Learning Engineer,Conrad Labs,"Lahore, Punjab, Pakistan",2 weeks ago,N/A
Machine Learning Engineer,Translation Empire PK,"Rawalpindi, Punjab, Pakistan",3 weeks ago,N/A
Data Science Engineer,Devsinc,"Lahore, Punjab, Pakistan",3 weeks ago,N/A
Junior AI Engineer,Translation Empire PK,"Islamabad, Islāmābād, Pakistan",3 weeks ago,N/A
AI Research Scientist,Translation Empire PK,"Islamabad, Islāmābād, Pakistan",3 weeks ago,N/A
Senior Software Engineer - AI/ML,Devsinc,"Lahore, Punjab, Pakistan",1 month ago,N/A
Deep Learning Engineer,Translation Empire PK,"Rawalpindi, Punjab, Pakistan",3 weeks ago,N/A
Senior Software Engineer - Python/AIML,Devsinc,"Lahore, Punjab, Pakistan",1 month ago,N/A
Associate Software Engineer - Data Science,Devsinc,"Islamabad, Islāmābād, Pakistan",1 month ago,N/A
"Data Scientist, Tech",ibex,"Lahore, Punjab, Pakistan",2 days ago,N/A
Deep Learning Specialist,Translation Empire PK,"Islamabad, Islāmābād, Pakistan",3 weeks ago,N/A
Senior AI/ML Engineer,Nisum,"Lahore, Punjab, Pakistan",1 day ago,N/A
Software Engineer-Python/Django,Devsinc,"Lahore, Punjab, Pakistan",1 month ago,N/A
Machine Learning & Computer Vision Engineer,Flatgigs,"Karāchi, Sindh, Pakistan",1 month ago,N/A
Senior Data Scientist,FairMoney,Pakistan,2 weeks ago,N/A
AI Research Scientist,Translation Empire PK,"Rawalpindi, Punjab, Pakistan",3 weeks ago,N/A
AI Engineer,Flatgigs,"Karāchi, Sindh, Pakistan",1 month ago,N/A
Associate Software Engineer - Data Science,Devsinc,"Lahore, Punjab, Pakistan",1 month ago,N/A
Data Science Engineer,Habib Bank AG Zurich,"Karāchi, Sindh, Pakistan",4 days ago,N/A
AI Engineer,Creative Chaos,Pakistan,1 month ago,N/A
Associate Software Engineer- Python/ React,Devsinc,"Lahore, Punjab, Pakistan",1 month ago,N/A
Interested in joining our team?,Motive,Pakistan,1 week ago,N/A
Associate Unreal Developer,Devsinc,"Lahore, Punjab, Pakistan",1 week ago,N/A
NLP Engineer,Translation Empire PK,"Islamabad, Islāmābād, Pakistan",3 weeks ago,N/A
Position Vacant Lab Engineer BPS-17,"Government  College University, Faisalabad","Faisalabad, Punjab, Pakistan",7 months ago,N/A
AI Engineer,Translation Empire PK,"Islamabad, Islāmābād, Pakistan",3 weeks ago,N/A
NLP Engineer,Translation Empire PK,"Rawalpindi, Punjab, Pakistan",3 weeks ago,N/A
Data Science Manager,SWATX,"Islamabad, Islāmābād, Pakistan",1 month ago,N/A
Junior Python Developer,Translation Empire PK,"Rawalpindi, Punjab, Pakistan",1 month ago,N/A
Python Develpoer,IKONIC,"Islamabad, Islāmābād, Pakistan",3 weeks ago,N/A
AI Software Developer,Translation Empire PK,"Islamabad, Islāmābād, Pakistan",3 weeks ago,N/A
Natural Language Processing (NLP) Engineer,Translation Empire PK,"Islamabad, Islāmābād, Pakistan",3 weeks ago,N/A
Senior Software Engineer - AIML,Devsinc,"Lahore, Punjab, Pakistan",1 month ago,N/A
AI Engineer,Translation Empire PK,"Rawalpindi, Punjab, Pakistan",3 weeks ago,N/A
"Software Engineer, Machine Learning",Motive,Pakistan,1 week ago,N/A
Machine Learning-R Data Scientist,ITC Worldwide,"Lahore, Punjab, Pakistan",3 weeks ago,N/A
Software Engineer- ROR,Devsinc,"Lahore, Punjab, Pakistan",1 month ago,N/A
